id,price,qty,quoteQty,time,isBuyerMaker,isBestMatch
3738143565,1920.26000000,0.24900000,478.14474000,1772397165620,False,True
3738143566,1920.26000000,0.14900000,286.11874000,1772397165620,False,True
3738143567,1920.26000000,0.14900000,286.11874000,1772397165620,False,True
3738143568,1920.26000000,0.02300000,44.16598000,1772397165620,False,True
3738143569,1920.26000000,0.12600000,241.95276000,1772397165620,False,True
3738143570,1920.26000000,0.14900000,286.11874000,1772397165620,False,True
3738143571,1920.26000000,0.01100000,21.12286000,1772397165620,False,True
3738143572,1920.26000000,0.00270000,5.18470200,1772397165620,False,True
3738143573,1920.26000000,0.00270000,5.18470200,1772397165620,False,True
3738143574,1920.26000000,0.00270000,5.18470200,1772397165620,False,True
3738143575,1920.26000000,0.00270000,5.18470200,1772397165620,False,True
3738143576,1920.26000000,0.00270000,5.18470200,1772397165620,False,True
3738143577,1920.26000000,0.00270000,5.18470200,1772397165620,False,True
3738143578,1920.26000000,0.00270000,5.18470200,1772397165620,False,True
3738143579,1920.26000000,0.00270000,5.18470200,1772397165620,False,True
3738143580,1920.26000000,0.00270000,5.18470200,1772397165620,False,True
3738143581,1920.26000000,0.00270000,5.18470200,1772397165620,False,True
3738143582,1920.26000000,0.00270000,5.18470200,1772397165620,False,True
3738143583,1920.26000000,0.00270000,5.18470200,1772397165620,False,True
3738143584,1920.26000000,0.00270000,5.18470200,1772397165620,False,True
3738143585,1920.26000000,0.00270000,5.18470200,1772397165620,False,True
3738143586,1920.26000000,0.00270000,5.18470200,1772397165620,False,True
3738143587,1920.26000000,0.00270000,5.18470200,1772397165620,False,True
3738143588,1920.26000000,0.00270000,5.18470200,1772397165620,False,True
3738143589,1920.26000000,0.00270000,5.18470200,1772397165620,False,True
3738143590,1920.29000000,0.00280000,5.37681200,1772397165620,False,True
3738143591,1920.29000000,0.00280000,5.37681200,1772397165620,False,True
3738143592,1920.29000000,0.00280000,5.37681200,1772397165620,False,True
3738143593,1920.30000000,0.00270000,5.18481000,1772397165620,False,True
3738143594,1920.30000000,0.00270000,5.18481000,1772397165620,False,True
3738143595,1920.30000000,0.00270000,5.18481000,1772397165620,False,True
3738143596,1920.30000000,0.00270000,5.18481000,1772397165620,False,True
3738143597,1920.30000000,0.00270000,5.18481000,1772397165620,False,True
3738143598,1920.38000000,0.00270000,5.18502600,1772397165700,False,True
3738143599,1920.38000000,0.02330000,44.74485400,1772397165700,False,True
3738143600,1920.38000000,0.00530000,10.17801400,1772397166214,False,True
3738143601,1920.38000000,0.00530000,10.17801400,1772397166214,False,True
3738143602,1920.38000000,0.01700000,32.64646000,1772397166214,False,True
3738143603,1920.38000000,0.02800000,53.77064000,1772397166305,False,True
3738143604,1920.38000000,0.04500000,86.41710000,1772397166305,False,True
3738143605,1920.38000000,0.00530000,10.17801400,1772397166305,False,True
3738143606,1920.38000000,0.00270000,5.18502600,1772397166305,False,True
3738143607,1920.38000000,0.00270000,5.18502600,1772397166305,False,True
3738143608,1920.38000000,0.00270000,5.18502600,1772397166305,False,True
3738143609,1920.38000000,0.00270000,5.18502600,1772397166305,False,True
3738143610,1920.38000000,0.00270000,5.18502600,1772397166305,False,True
3738143611,1920.38000000,0.00270000,5.18502600,1772397166305,False,True
3738143612,1920.38000000,0.00270000,5.18502600,1772397166305,False,True
3738143613,1920.38000000,0.00270000,5.18502600,1772397166305,False,True
3738143614,1920.38000000,0.00270000,5.18502600,1772397166305,False,True
3738143615,1920.40000000,0.00270000,5.18508000,1772397166310,False,True
3738143616,1920.40000000,0.00530000,10.17812000,1772397166310,False,True
3738143617,1920.40000000,0.04500000,86.41800000,1772397166310,False,True
3738143618,1920.40000000,0.02800000,53.77120000,1772397166310,False,True
3738143619,1920.40000000,0.01700000,32.64680000,1772397166315,False,True
3738143620,1920.40000000,0.04500000,86.41800000,1772397166315,False,True
3738143621,1920.40000000,0.04500000,86.41800000,1772397166315,False,True
3738143622,1920.40000000,0.02600000,49.93040000,1772397166315,False,True
3738143623,1920.40000000,0.02320000,44.55328000,1772397166315,False,True
3738143624,1920.40000000,0.02180000,41.86472000,1772397166315,False,True
3738143625,1920.40000000,0.04500000,86.41800000,1772397166315,False,True
3738143626,1920.40000000,0.03320000,63.75728000,1772397166315,False,True
3738143627,1920.40000000,0.01180000,22.66072000,1772397166317,False,True
3738143628,1920.40000000,0.01100000,21.12440000,1772397166317,False,True
3738143629,1920.40000000,0.00270000,5.18508000,1772397166317,False,True
3738143630,1920.40000000,0.00530000,10.17812000,1772397166317,False,True
3738143631,1920.40000000,0.04500000,86.41800000,1772397166317,False,True
3738143632,1920.40000000,0.02600000,49.93040000,1772397166317,False,True
3738143633,1920.40000000,0.04500000,86.41800000,1772397166317,False,True
3738143634,1920.41000000,0.00270000,5.18510700,1772397166317,False,True
3738143635,1920.41000000,0.00270000,5.18510700,1772397166317,False,True
3738143636,1920.43000000,0.00270000,5.18516100,1772397166317,False,True
3738143637,1920.43000000,0.00270000,5.18516100,1772397166317,False,True
3738143638,1920.45000000,0.00270000,5.18521500,1772397166317,False,True
3738143639,1920.45000000,0.00300000,5.76135000,1772397166317,False,True
3738143640,1920.45000000,0.00270000,5.18521500,1772397166317,False,True
3738143641,1920.45000000,0.00270000,5.18521500,1772397166317,False,True
3738143642,1920.45000000,0.00270000,5.18521500,1772397166317,False,True
3738143643,1920.45000000,0.00270000,5.18521500,1772397166317,False,True
3738143644,1920.45000000,0.00270000,5.18521500,1772397166317,False,True
3738143645,1920.45000000,0.00270000,5.18521500,1772397166317,False,True
3738143646,1920.45000000,0.00270000,5.18521500,1772397166317,False,True
3738143647,1920.45000000,0.00270000,5.18521500,1772397166317,False,True
3738143648,1920.45000000,0.00270000,5.18521500,1772397166317,False,True
3738143649,1920.45000000,0.00270000,5.18521500,1772397166317,False,True
3738143650,1920.45000000,0.00270000,5.18521500,1772397166317,False,True
3738143651,1920.47000000,0.00270000,5.18526900,1772397166317,False,True
3738143652,1920.48000000,0.00270000,5.18529600,1772397166317,False,True
3738143653,1920.48000000,0.00270000,5.18529600,1772397166317,False,True
3738143654,1920.48000000,0.00270000,5.18529600,1772397166317,False,True
3738143655,1920.48000000,0.00270000,5.18529600,1772397166317,False,True
3738143656,1920.49000000,0.00530000,10.17859700,1772397166317,False,True
3738143657,1920.49000000,0.00280000,5.37737200,1772397166317,False,True
3738143658,1920.49000000,0.00280000,5.37737200,1772397166317,False,True
3738143659,1920.49000000,0.00280000,5.37737200,1772397166317,False,True
3738143660,1920.50000000,0.00270000,5.18535000,1772397166317,False,True
3738143661,1920.50000000,0.00270000,5.18535000,1772397166317,False,True
3738143662,1920.50000000,0.00320000,6.14560000,1772397166317,False,True
3738143663,1920.50000000,0.05290000,101.59445000,1772397166317,False,True
3738143664,1920.50000000,0.00310000,5.95355000,1772397166792,False,True
